{
  "train_loss": [
    0.25105139996181236,
    0.1288470891559199,
    0.09434065495802975,
    0.07153587372564066,
    0.05975936811446493,
    0.05143566074435728,
    0.044124574014932735,
    0.040386216330594936,
    0.03695839634152004,
    0.03230053568517916,
    0.01976859372766088,
    0.015726609095479238,
    0.01281563219785585,
    0.01236063221750561,
    0.010280172819138393,
    0.010039106935974474,
    0.009270041086038095,
    0.007348857195773527,
    0.006866609205112942,
    0.00739466817246191
  ],
  "val_loss": [
    0.08445863538069587,
    0.06474002864260002,
    0.07263389715108237,
    0.0292877052129824,
    0.03031764074737235,
    0.022329524206254805,
    0.027233249448726175,
    0.028840645417726546,
    0.01767069806061914,
    0.025869569523207157,
    0.013897519596201818,
    0.014858684491671343,
    0.011854722559820044,
    0.01209436203313713,
    0.015503276060536163,
    0.013384787587580398,
    0.012106680760255771,
    0.009810282092364331,
    0.013664138216979756,
    0.011642179494597131
  ],
  "train_acc": [
    0.8934084507042254,
    0.9494801536491677,
    0.9638412291933419,
    0.9730601792573623,
    0.9773725992317541,
    0.9809167733674776,
    0.9838668373879641,
    0.9857208706786171,
    0.9864788732394366,
    0.9883533930857874,
    0.9928604353393086,
    0.994314980793854,
    0.9953290653008963,
    0.9958002560819462,
    0.9961895006402048,
    0.996404609475032,
    0.9966504481434059,
    0.9974289372599232,
    0.9975313700384123,
    0.997326504481434
  ],
  "val_acc": [
    0.968503533749872,
    0.9755710334938031,
    0.976800163884052,
    0.9897060329816655,
    0.989501177916624,
    0.9930349277885896,
    0.9907815220731333,
    0.9902693844105296,
    0.99446891324388,
    0.9913960872682577,
    0.9964662501280345,
    0.99585168493291,
    0.9969783877906381,
    0.9969271740243778,
    0.9953395472703063,
    0.9962101812967326,
    0.9965174638942947,
    0.9974905254532418,
    0.9964150363617741,
    0.9973880979207211
  ]
}